,vol_managed_qqq,vol_core_svxy,trend_vol_qqq,defensive_ensemble,dual_momentum_gold,dual_momentum_gem,momentum_concentrated
vol_managed_qqq,1.0,0.8868672167812204,0.9333543124922763,0.7657041187937819,0.24923398242907685,0.7441017865917653,0.6338519384962835
vol_core_svxy,0.8868672167812204,1.0,0.8200270769834626,0.7426236581380797,0.3343807462727795,0.8721447953521534,0.7403103149624511
trend_vol_qqq,0.9333543124922763,0.8200270769834626,1.0,0.7475266818920233,0.199548236030394,0.6518879633137742,0.5494426848510299
defensive_ensemble,0.7657041187937819,0.7426236581380797,0.7475266818920233,1.0,0.7456068423562778,0.7278059874675077,0.600106121740507
dual_momentum_gold,0.24923398242907685,0.3343807462727795,0.199548236030394,0.7456068423562778,1.0,0.44559734492770403,0.39909468823986866
dual_momentum_gem,0.7441017865917653,0.8721447953521534,0.6518879633137742,0.7278059874675077,0.44559734492770403,1.0,0.7750333291576048
momentum_concentrated,0.6338519384962835,0.7403103149624511,0.5494426848510299,0.600106121740507,0.39909468823986866,0.7750333291576048,1.0
