,vol_managed_qqq,vol_core_svxy,trend_vol_qqq,defensive_ensemble,dual_momentum_gold,dual_momentum_gem,momentum_concentrated
vol_managed_qqq,1.0,0.9547379801887874,0.8772580855261025,0.7189443890449546,0.5419473298439512,0.782979884665043,0.6099156078134245
vol_core_svxy,0.9547379801887874,1.0,0.8311742072777883,0.6892743831502399,0.5216907623895849,0.7637051121159009,0.6050068026615806
trend_vol_qqq,0.8772580855261025,0.8311742072777883,1.0,0.7946271595497585,0.5389261364739865,0.7118879165420664,0.5549080208779338
defensive_ensemble,0.7189443890449546,0.6892743831502399,0.7946271595497585,1.0,0.7568378347092803,0.7198117717632213,0.5579180814098557
dual_momentum_gold,0.5419473298439512,0.5216907623895849,0.5389261364739865,0.7568378347092803,1.0,0.6527953795871322,0.4939866883200599
dual_momentum_gem,0.782979884665043,0.7637051121159009,0.7118879165420664,0.7198117717632213,0.6527953795871322,1.0,0.6282072585050289
momentum_concentrated,0.6099156078134245,0.6050068026615806,0.5549080208779338,0.5579180814098557,0.4939866883200599,0.6282072585050289,1.0
