,vol_managed_qqq,vol_core_svxy,trend_vol_qqq,defensive_ensemble,dual_momentum_gold,dual_momentum_gem,momentum_concentrated
vol_managed_qqq,1.0,0.31779186495240797,0.8452905226881013,0.3091884809196562,-0.4150483678945196,-0.038576331652899185,-0.012039742416628092
vol_core_svxy,0.31779186495240797,1.0,0.2755850689615897,0.16389733260410852,0.012600472154293954,0.6442545971041435,0.5577876752454431
trend_vol_qqq,0.8452905226881013,0.2755850689615897,1.0,0.3725692058030922,-0.3629040892652284,0.008251254991684626,0.019424964819049303
defensive_ensemble,0.3091884809196562,0.16389733260410852,0.3725692058030922,1.0,0.6487689225791138,0.450586137976095,0.30395615178955765
dual_momentum_gold,-0.4150483678945196,0.012600472154293954,-0.3629040892652284,0.6487689225791138,1.0,0.5016101795400828,0.38534418064135034
dual_momentum_gem,-0.038576331652899185,0.6442545971041435,0.008251254991684626,0.450586137976095,0.5016101795400828,1.0,0.7828627554040652
momentum_concentrated,-0.012039742416628092,0.5577876752454431,0.019424964819049303,0.30395615178955765,0.38534418064135034,0.7828627554040652,1.0
