,vol_managed_qqq,vol_core_svxy,trend_vol_qqq,defensive_ensemble,dual_momentum_gold,dual_momentum_gem,momentum_concentrated
vol_managed_qqq,1.0,0.8713156996517447,0.7433756156540796,0.5304019481210761,0.21624287823377294,0.5046310800697629,0.4382211786007809
vol_core_svxy,0.8713156996517447,1.0,0.676729060308524,0.4996008012466376,0.20119200172747867,0.47194867757357634,0.3942545799437285
trend_vol_qqq,0.7433756156540796,0.676729060308524,1.0,0.7163028742914066,0.3060264306701686,0.4454469570617058,0.357802243173477
defensive_ensemble,0.5304019481210761,0.4996008012466376,0.7163028742914066,1.0,0.6476912656264858,0.5920406437559222,0.4442287648029066
dual_momentum_gold,0.21624287823377294,0.20119200172747867,0.3060264306701686,0.6476912656264858,1.0,0.4902198438834755,0.4202137125283852
dual_momentum_gem,0.5046310800697629,0.47194867757357634,0.4454469570617058,0.5920406437559222,0.4902198438834755,1.0,0.5418859789137608
momentum_concentrated,0.4382211786007809,0.3942545799437285,0.357802243173477,0.4442287648029066,0.4202137125283852,0.5418859789137608,1.0
