book,total_ann,alpha_ann,r2,b_SPY,contrib_SPY_ann,b_TECH,contrib_TECH_ann,b_DUR,contrib_DUR_ann,b_GOLD,contrib_GOLD_ann
vol_managed_qqq,0.38369523322502613,0.058620212314280454,0.7671040287262615,1.519829012400061,0.30624167893240434,0.503402498809467,0.03623617130801914,-0.0724546555884155,-0.0010711749146692705,-0.05216267703267538,-0.012966727418728034
vol_core_svxy,0.34282890751702305,-0.058526383137765446,0.95943436841034,1.8133416235638238,0.36538372326585217,0.5961347294915874,0.04291126927578647,-0.028109475283955323,-0.00041557253352678987,-0.014654055751670158,-0.0036427414642028963
trend_vol_qqq,0.32774595370959564,0.05771909613404674,0.6029807848757969,1.2500680111351656,0.2518855235597746,0.4386664588390712,0.03157630919029475,-0.08894753110435422,-0.0013150067896531776,-0.03702045199530094,-0.009202635624710635
defensive_ensemble,0.3612665565663443,0.1453159732935146,0.8276485829368324,0.6206821119492667,0.12506586628879274,0.23182480338987832,0.016687329341730135,0.16192886814787666,0.00239396820138258,0.30138453942387367,0.07491891507945919
dual_momentum_gold,0.6451725290012277,0.26637747376882787,0.9066197409686833,-0.1634412862068056,-0.03293300330923578,1.104786511329933,0.07952529710920742,0.07869090234519986,0.0011633720417317732,1.3524717222509919,0.3362007696227089
dual_momentum_gem,0.5007610677790899,0.10216170231955471,0.8388725016529512,1.5438522780066706,0.3110823058271294,0.972547681889112,0.07000641532272033,0.16696750562597262,0.002468459785488761,0.07662757794687165,0.019048273066430442
momentum_concentrated,0.3437350804384704,0.023797239664742866,0.6585350016125606,0.9594107125484765,0.1933188174455249,1.6824610447675197,0.12110775528815908,-0.029258762359707244,-0.0004325636775092049,0.03683226854878355,0.009155856517607306
PORT,0.4150293326052538,0.08506647347960018,0.9333078336950883,1.077677494770951,0.2171492731443203,0.7899748183595101,0.05686436383370249,0.026973835968945325,0.00039878315903495393,0.23763984619869616,0.05907310139693771
