,mean_on_worst10pct_spy_days,ann_all_days
vol_managed_qqq,-0.023560156421223218,0.3836952332250271
vol_core_svxy,-0.030222474019638366,0.34282890751702544
trend_vol_qqq,-0.02117562264952829,0.3277459537095969
defensive_ensemble,-0.012392642826284635,0.3612665565663471
dual_momentum_gold,-0.012117538170944757,0.6451725290012293
dual_momentum_gem,-0.02737785084691343,0.5007610677790933
momentum_concentrated,-0.022279810059154394,0.3437350804384719
SPY,-0.0145897824250707,0.19949826943578325
QQQ,-0.01968652199846926,0.2709094816007244
