book,window,gross_ann,static_ann,timing_ann,timing_t,timing_share
vol_managed_qqq,holdout,0.3855110139330022,0.3872203798841778,-0.0017093659511756946,-0.015932436070373226,-0.00443402623893066
vol_core_svxy,holdout,0.346770168318394,0.43173662367815824,-0.08496645535976428,-1.5041913478675333,-0.24502238982031066
trend_vol_qqq,holdout,0.3301962481850373,0.3639941482566892,-0.033797900071651996,-0.2573028155193658,-0.10235700816537482
defensive_ensemble,holdout,0.36338956164758773,0.2861879160991913,0.07720164554839636,1.221177395000716,0.21244871536311735
dual_momentum_gold,holdout,0.6457725290012294,0.37711853133902973,0.26865399766219955,2.2251093943545897,0.41601955115326394
dual_momentum_gem,holdout,0.5025610677790933,0.35649660687100426,0.14606446090808906,1.3316152346748305,0.29064022319431526
momentum_concentrated,holdout,0.35304162307172615,0.6049830956199795,-0.2519414725482534,-2.476337453414033,-0.7136310737418838
